pavan,test@gmail.com,pavan,1234
admin,admin@gmail.com,admin,1234
admin,admin@gmail.com,admin,1234
admin,admin@gmail.com,admin,1234
prathima,prathima@gmail.com,prathima,1234
swetha,swetha@gmail.com,swetha,1234
abc,abc@gmail.com,abc,1234
abcd,abcd@gmail.com,abcd,1234
sandhya,sandhya@gmail.com,sandy,1234
ramu,ramu@gmail.com,ramu,1234
sana,sana@gmail.com,sana,1234
